{
	"info": {
		"_postman_id": "762c861e-cd7d-4660-973d-5c1b68d2d30f",
		"name": "TrabalhoRequisições",
		"schema": "https://schema.getpostman.com/json/collection/v2.1.0/collection.json",
		"_exporter_id": "35354584"
	},
	"item": [
		{
			"name": "Usuario",
			"item": [
				{
					"name": "ObterUarios",
					"request": {
						"method": "GET",
						"header": [],
						"url": {
							"raw": "http://localhost:8080/users",
							"protocol": "http",
							"host": [
								"localhost"
							],
							"port": "8080",
							"path": [
								"users"
							]
						}
					},
					"response": []
				},
				{
					"name": "CriarUsuario",
					"request": {
						"method": "POST",
						"header": [],
						"body": {
							"mode": "raw",
							"raw": "{\r\n    \"nome\": \"gustavo\",\r\n    \"email\": \"gustavohdeborba@gmail.com\"\r\n}",
							"options": {
								"raw": {
									"language": "json"
								}
							}
						},
						"url": {
							"raw": "http://localhost:8080/user",
							"protocol": "http",
							"host": [
								"localhost"
							],
							"port": "8080",
							"path": [
								"user"
							]
						}
					},
					"response": []
				},
				{
					"name": "AtualizarUsuario",
					"request": {
						"method": "PUT",
						"header": [],
						"body": {
							"mode": "raw",
							"raw": "{\r\n    \"nome\": \"Jorge\",\r\n    \"email\": \"gustavohdeborba@gmail.com\"\r\n}",
							"options": {
								"raw": {
									"language": "json"
								}
							}
						},
						"url": {
							"raw": "http://localhost:8080/user/gustavohdeborba@gmail.com",
							"protocol": "http",
							"host": [
								"localhost"
							],
							"port": "8080",
							"path": [
								"user",
								"gustavohdeborba@gmail.com"
							]
						}
					},
					"response": []
				},
				{
					"name": "ExcluirUsuario",
					"request": {
						"method": "DELETE",
						"header": [],
						"url": {
							"raw": "http://localhost:8080/user/gustavohdeborba@gmail.com",
							"protocol": "http",
							"host": [
								"localhost"
							],
							"port": "8080",
							"path": [
								"user",
								"gustavohdeborba@gmail.com"
							]
						}
					},
					"response": []
				}
			]
		},
		{
			"name": "Tarefa",
			"item": [
				{
					"name": "ObterTarefas",
					"request": {
						"method": "GET",
						"header": [],
						"url": {
							"raw": "http://localhost:8080/tasks",
							"protocol": "http",
							"host": [
								"localhost"
							],
							"port": "8080",
							"path": [
								"tasks"
							]
						}
					},
					"response": []
				},
				{
					"name": "CriarTask",
					"request": {
						"method": "POST",
						"header": [],
						"body": {
							"mode": "raw",
							"raw": "{\r\n  \"nome\": \"Revisar Código\",\r\n  \"descricao\": \"Revisar e corrigir possíveis erros no código fonte.\",\r\n  \"agendamento\": \"2025-03-27T14:30:00.000Z\",\r\n  \"status\": 1,\r\n  \"email\": \"usuario@example.com\"\r\n}",
							"options": {
								"raw": {
									"language": "json"
								}
							}
						},
						"url": {
							"raw": "http://localhost:8080/task",
							"protocol": "http",
							"host": [
								"localhost"
							],
							"port": "8080",
							"path": [
								"task"
							]
						}
					},
					"response": []
				},
				{
					"name": "AtualizarTask",
					"request": {
						"method": "PUT",
						"header": [],
						"body": {
							"mode": "raw",
							"raw": "{\r\n  \"id\": 1,\r\n  \"nome\": \"Revisar\",\r\n  \"descricao\": \"Revisar e corrigir possíveis erros no código fonte.\",\r\n  \"agendamento\": \"2025-03-27T14:30:00.000Z\",\r\n  \"status\": 2,\r\n  \"email\": \"usuario@example.com\"\r\n}",
							"options": {
								"raw": {
									"language": "json"
								}
							}
						},
						"url": {
							"raw": "http://localhost:8080/task/1",
							"protocol": "http",
							"host": [
								"localhost"
							],
							"port": "8080",
							"path": [
								"task",
								"1"
							]
						}
					},
					"response": []
				},
				{
					"name": "ExcluirTask",
					"request": {
						"method": "DELETE",
						"header": [],
						"url": {
							"raw": "http://localhost:8080/task/1",
							"protocol": "http",
							"host": [
								"localhost"
							],
							"port": "8080",
							"path": [
								"task",
								"1"
							]
						}
					},
					"response": []
				}
			]
		}
	]
}